id,category,categoryId,updatedAt
cmts3ldvd0071bf8kufm71vdl,F&B,,2026-09-08 03:16:27.385
cmts3ldvz0077bf8kqtzfolq9,Fashion,,2026-09-08 03:16:27.408
cmts3ldwc007bbf8klrccepca,F&B,,2026-09-08 03:16:27.42
cmts3ldwo007fbf8k2ned5wbg,Fashion,,2026-09-08 03:16:27.432
cmts3ldx4007lbf8kwnt4rhi8,F&B,,2026-09-08 03:16:27.448
cmts3ldxg007pbf8k5sm05zie,Health & Beauty,,2026-09-08 03:16:27.46
cmts3ldxr007tbf8k36l9qfnu,Entertainment,,2026-09-08 03:16:27.471
cmts3ldy9007zbf8kzpzowkkq,F&B,,2026-09-08 03:16:27.49
cmts3ldyn0083bf8kqjouklew,Technology,,2026-09-08 03:16:27.503
cmts3ldyy0087bf8kq9b9b2ff,F&B,,2026-09-08 03:16:27.514
cmts3ldzf008dbf8kf75wpjnz,Fashion,,2026-09-08 03:16:27.53
cmts3ldzs008hbf8k6zikypuf,Entertainment,,2026-09-08 03:16:27.544
cmts3le04008lbf8kjs27sd1b,F&B,,2026-09-08 03:16:27.556
cmts3le0l008rbf8k0nk2oz4u,Fashion,,2026-09-08 03:16:27.573
cmts3le0w008vbf8kk2mk5oyk,F&B,,2026-09-08 03:16:27.585
cmts3le18008zbf8k2rbkfw23,Health & Beauty,,2026-09-08 03:16:27.596
cmts3le1n0095bf8k0opq1zfx,Entertainment,,2026-09-08 03:16:27.611
cmts3le1y0099bf8ketc3h6js,F&B,,2026-09-08 03:16:27.622
cmts3le29009dbf8kwijj8mfo,Fashion,,2026-09-08 03:16:27.633
cmts3le2q009jbf8k31j7x2py,Supermarket,,2026-09-08 03:16:27.65
cmts3le9o00afbf8kqufjrnb0,F&B,,2026-09-08 03:16:27.9
